pressure,rate_coefficient,rate_error
1.0,-1.3223445128082705,0.38525618649531124
13.5,-4.225015748210887,5.544305872577817
