pressure,rate_coefficient,rate_error
1.0,-0.777059249002893,0.05178961742797464
13.5,-1.5838299977787005,0.4506037516012994
