pressure,rate_coefficient,rate_error
1.0,-4.313370068836527,0.20288190450422072
13.5,-4.335187739502772,0.5577609200226527
